{"20250320_22R033__250321_Z Height_Forward_014.npy": {"total_number_of_clicked_points": 4, "hole_number_1": {"distance_h_e": 15.4856, "major_axis": 91.4794, "minor_axis": 63.9807, "minor_over_major": 0.6994, "theta": -4.8394, "selected_contour_height": 7.164e-07, "depth": 8.186209183616449e-09, "all_contour_heights": [7.08e-07, 7.086000000000001e-07, 7.092e-07, 7.098000000000001e-07, 7.104e-07, 7.110000000000001e-07, 7.116e-07, 7.122e-07, 7.128000000000001e-07, 7.134e-07, 7.140000000000001e-07, 7.146e-07, 7.152e-07, 7.158e-07, 7.164e-07, 7.170000000000001e-07, 7.176e-07, 7.182000000000001e-07, 7.188e-07, 7.194e-07, 7.2e-07, 7.206e-07, 7.212000000000001e-07, 7.218e-07, 7.224000000000001e-07, 7.23e-07, 7.236e-07, 7.242e-07, 7.248e-07], "useable": "true"}, "hole_number_2": {"distance_h_e": 14.3056, "major_axis": 85.5104, "minor_axis": 52.5943, "minor_over_major": 0.6151, "theta": -19.7421, "selected_contour_height": 7.16e-07, "depth": 7.853799245034638e-09, "all_contour_heights": [7.08e-07, 7.085000000000001e-07, 7.09e-07, 7.095e-07, 7.100000000000001e-07, 7.105e-07, 7.110000000000001e-07, 7.115000000000001e-07, 7.12e-07, 7.125000000000001e-07, 7.13e-07, 7.135e-07, 7.140000000000001e-07, 7.145e-07, 7.15e-07, 7.155000000000001e-07, 7.16e-07, 7.165e-07, 7.170000000000001e-07, 7.175e-07, 7.18e-07, 7.185000000000001e-07, 7.19e-07, 7.195000000000001e-07, 7.200000000000001e-07, 7.205e-07, 7.210000000000001e-07, 7.215e-07, 7.22e-07, 7.225000000000001e-07, 7.23e-07, 7.235e-07], "useable": "true"}, "hole_number_3": {"distance_h_e": 9.2651, "major_axis": 66.0462, "minor_axis": 42.1657, "minor_over_major": 0.6384, "theta": -2.7754, "selected_contour_height": 7.160000000000001e-07, "depth": 5.718243952814769e-09, "all_contour_heights": [7.100000000000001e-07, 7.105000000000001e-07, 7.110000000000001e-07, 7.115000000000001e-07, 7.120000000000001e-07, 7.125000000000001e-07, 7.130000000000001e-07, 7.135000000000001e-07, 7.140000000000001e-07, 7.145000000000001e-07, 7.15e-07, 7.155000000000001e-07, 7.160000000000001e-07, 7.165e-07, 7.170000000000001e-07, 7.175000000000001e-07, 7.18e-07, 7.185000000000001e-07, 7.190000000000001e-07, 7.195000000000001e-07, 7.200000000000001e-07, 7.205000000000001e-07, 7.210000000000001e-07, 7.215000000000001e-07, 7.22e-07, 7.225000000000001e-07, 7.230000000000001e-07], "useable": "true"}, "hole_number_4": {"distance_h_e": 15.0089, "major_axis": 72.6548, "minor_axis": 41.9193, "minor_over_major": 0.577, "theta": 26.0631, "selected_contour_height": 7.155000000000001e-07, "depth": 6.573503217723665e-09, "all_contour_heights": [7.085000000000001e-07, 7.090000000000001e-07, 7.095e-07, 7.100000000000001e-07, 7.105000000000001e-07, 7.110000000000001e-07, 7.115000000000001e-07, 7.120000000000001e-07, 7.125000000000001e-07, 7.130000000000001e-07, 7.135e-07, 7.140000000000001e-07, 7.145000000000001e-07, 7.15e-07, 7.155000000000001e-07, 7.160000000000001e-07, 7.165e-07, 7.170000000000001e-07, 7.175000000000001e-07, 7.18e-07, 7.185000000000001e-07, 7.190000000000001e-07, 7.195000000000001e-07, 7.200000000000001e-07, 7.205000000000001e-07, 7.210000000000001e-07, 7.215000000000001e-07, 7.22e-07], "useable": "true"}, "depths_std": 9.916335012880636e-10, "distances_std": 2.4900630672218123, "major_axes_std": 10.076720248845785, "minor_axes_std": 9.065808528512267, "minor_over_major_std": 0.04443781595843246, "angles_std": 16.581165700081822, "average_hole_depth_for_20250320_22R033__250321_Z Height_Forward_014.npy": 7.0829388997973805e-09, "density_of_holes_for_20250320_22R033__250321_Z Height_Forward_014.npy": 0.16, "list_of_distances_bw_hole_center_vs_ellipse_center_for_20250320_22R033__250321_Z Height_Forward_014.npy": [15.48556703851823, 14.305570222952703, 9.265072435611021, 15.008868377204221], "list_of_major_axes_of_nanohole_for_20250320_22R033__250321_Z Height_Forward_014.npy": [91.47943489831555, 85.51044598480252, 66.04616614583593, 72.65484140781246], "list_of_minor_axes_of_nanohole_for_20250320_22R033__250321_Z Height_Forward_014.npy": [63.98069166069931, 52.59434030471781, 42.16569130263295, 41.919300085056186], "list_of_minor_over_major_axes_for_20250320_22R033__250321_Z Height_Forward_014.npy": [0.6993997255428762, 0.6150633375724087, 0.6384275388449843, 0.5769649932860313], "list_of_angles_of_nanohole_for_20250320_22R033__250321_Z Height_Forward_014.npy": [-4.8393683462472294, -19.742064230115684, -2.775445820597493, 26.063134531970334], "list_of_contour_heights_of_nanohole_for_20250320_22R033__250321_Z Height_Forward_014.npy": [[7.08e-07, 7.086000000000001e-07, 7.092e-07, 7.098000000000001e-07, 7.104e-07, 7.110000000000001e-07, 7.116e-07, 7.122e-07, 7.128000000000001e-07, 7.134e-07, 7.140000000000001e-07, 7.146e-07, 7.152e-07, 7.158e-07, 7.164e-07, 7.170000000000001e-07, 7.176e-07, 7.182000000000001e-07, 7.188e-07, 7.194e-07, 7.2e-07, 7.206e-07, 7.212000000000001e-07, 7.218e-07, 7.224000000000001e-07, 7.23e-07, 7.236e-07, 7.242e-07, 7.248e-07], [7.08e-07, 7.085000000000001e-07, 7.09e-07, 7.095e-07, 7.100000000000001e-07, 7.105e-07, 7.110000000000001e-07, 7.115000000000001e-07, 7.12e-07, 7.125000000000001e-07, 7.13e-07, 7.135e-07, 7.140000000000001e-07, 7.145e-07, 7.15e-07, 7.155000000000001e-07, 7.16e-07, 7.165e-07, 7.170000000000001e-07, 7.175e-07, 7.18e-07, 7.185000000000001e-07, 7.19e-07, 7.195000000000001e-07, 7.200000000000001e-07, 7.205e-07, 7.210000000000001e-07, 7.215e-07, 7.22e-07, 7.225000000000001e-07, 7.23e-07, 7.235e-07], [7.100000000000001e-07, 7.105000000000001e-07, 7.110000000000001e-07, 7.115000000000001e-07, 7.120000000000001e-07, 7.125000000000001e-07, 7.130000000000001e-07, 7.135000000000001e-07, 7.140000000000001e-07, 7.145000000000001e-07, 7.15e-07, 7.155000000000001e-07, 7.160000000000001e-07, 7.165e-07, 7.170000000000001e-07, 7.175000000000001e-07, 7.18e-07, 7.185000000000001e-07, 7.190000000000001e-07, 7.195000000000001e-07, 7.200000000000001e-07, 7.205000000000001e-07, 7.210000000000001e-07, 7.215000000000001e-07, 7.22e-07, 7.225000000000001e-07, 7.230000000000001e-07], [7.085000000000001e-07, 7.090000000000001e-07, 7.095e-07, 7.100000000000001e-07, 7.105000000000001e-07, 7.110000000000001e-07, 7.115000000000001e-07, 7.120000000000001e-07, 7.125000000000001e-07, 7.130000000000001e-07, 7.135e-07, 7.140000000000001e-07, 7.145000000000001e-07, 7.15e-07, 7.155000000000001e-07, 7.160000000000001e-07, 7.165e-07, 7.170000000000001e-07, 7.175000000000001e-07, 7.18e-07, 7.185000000000001e-07, 7.190000000000001e-07, 7.195000000000001e-07, 7.200000000000001e-07, 7.205000000000001e-07, 7.210000000000001e-07, 7.215000000000001e-07, 7.22e-07]]}, "20250320_22R033__250321_Z Height_Forward_015.npy": {"total_number_of_clicked_points": 6, "hole_number_1": {"distance_h_e": 9.1321, "major_axis": 66.7739, "minor_axis": 45.3446, "minor_over_major": 0.6791, "theta": -13.0354, "selected_contour_height": 7.484e-07, "depth": 6.447637222084693e-09, "all_contour_heights": [7.416e-07, 7.420000000000001e-07, 7.424e-07, 7.428e-07, 7.432e-07, 7.436000000000001e-07, 7.44e-07, 7.444e-07, 7.448e-07, 7.452e-07, 7.456e-07, 7.46e-07, 7.464000000000001e-07, 7.468e-07, 7.472e-07, 7.476e-07, 7.48e-07, 7.484e-07, 7.488e-07, 7.492000000000001e-07, 7.496e-07, 7.5e-07, 7.504e-07, 7.508e-07, 7.512e-07, 7.516e-07, 7.520000000000001e-07, 7.524e-07, 7.528e-07], "useable": "true"}, "hole_number_2": {"distance_h_e": 9.6558, "major_axis": 69.6926, "minor_axis": 44.5279, "minor_over_major": 0.6389, "theta": -19.1043, "selected_contour_height": 7.48e-07, "depth": 6.662336543848553e-09, "all_contour_heights": [7.412e-07, 7.416e-07, 7.42e-07, 7.424e-07, 7.428e-07, 7.432e-07, 7.436e-07, 7.44e-07, 7.444e-07, 7.447999999999999e-07, 7.452e-07, 7.456e-07, 7.46e-07, 7.464e-07, 7.468e-07, 7.472e-07, 7.475999999999999e-07, 7.48e-07, 7.484e-07, 7.488e-07, 7.492e-07, 7.496e-07, 7.5e-07, 7.503999999999999e-07, 7.508e-07, 7.512e-07, 7.516e-07, 7.52e-07, 7.524e-07, 7.528e-07], "useable": "true"}, "hole_number_3": {"distance_h_e": 11.1537, "major_axis": 72.7744,